,Unnamed: 0,Page-1-Clicks,Page-2-Clicks,Page-3-Clicks,Page-4-Clicks,Page-5-Clicks,Page-6-Clicks,Page-7-Clicks,Page-8-Clicks,Page-9-Clicks,Page-10-Clicks,Food-Clicks,Gossip-Clicks,Politic-Clicks,Science-Clicks,Sport-Clicks,Tech-Clicks,Food-Allocations,Gossip-Allocations,Politic-Allocations,Science-Allocations,Sport-Allocations,Tech-Allocations,Page-1-Time,Page-2-Time,Page-3-Time,Page-4-Time,Page-5-Time,Page-6-Time,Page-7-Time,Page-8-Time,Page-9-Time,Page-10-Time
0,0,3.0,4.0,5.0,6.0,5.0,5.0,7.0,6.0,7.0,6.0,0,0,0,5,0,49,12,14,13,13,10,68,23.78,20.424,17.221,24.363000000000003,9.168,17.494,22.142,21.487,14.175999999999998,19.217
1,1,4.0,3.0,5.0,4.0,1.0,2.0,1.0,1.0,2.0,2.0,5,3,0,13,0,4,24,21,14,41,11,19,41.646,42.078,36.14,36.107,30.94,34.288000000000004,28.691,41.146,40.856,36.343
2,2,3.0,1.0,2.0,2.0,1.0,1.0,2.0,3.0,0.0,1.0,2,2,0,6,1,5,20,17,12,34,17,30,22.552,13.207,12.485999999999999,12.133,15.629000000000001,4.105,9.187999999999999,18.351,18.479,3.75
3,3,3.0,2.0,5.0,4.0,5.0,3.0,4.0,4.0,6.0,6.0,1,0,2,25,0,14,12,14,19,47,12,26,65.04899999999999,27.665,29.695999999999998,25.691,26.072,25.671,22.142,30.647,21.86,29.447
4,4,3.0,3.0,2.0,3.0,3.0,5.0,5.0,5.0,3.0,2.0,4,0,2,16,3,9,17,15,14,41,19,24,51.076,60.136,31.38,74.381,23.491999999999997,34.148,32.032,35.818000000000005,29.291999999999998,23.788
5,5,3.0,4.0,4.0,6.0,3.0,4.0,5.0,4.0,6.0,3.0,0,0,1,38,3,0,12,12,15,62,18,11,43.443000000000005,36.054,30.848000000000003,30.906,46.718,22.736,27.881999999999998,28.656999999999996,33.407,32.696999999999996
6,6,5.0,5.0,7.0,6.0,5.0,7.0,8.0,8.0,6.0,8.0,1,7,42,14,0,1,14,20,46,27,12,11,21.129,24.031,23.7,24.337,20.276,25.419,19.288,20.671,23.761,15.972999999999999
7,7,4.0,2.0,5.0,3.0,1.0,4.0,3.0,2.0,2.0,1.0,0,3,5,14,0,5,12,17,24,43,12,22,51.824,41.218,41.016999999999996,59.792,41.453,45.132,37.314,35.681,34.083,53.65
8,8,4.0,2.0,3.0,3.0,3.0,4.0,2.0,3.0,2.0,4.0,0,1,0,28,0,1,12,17,14,63,10,14,26.197,17.474,19.482,11.895,13.669,12.815,13.495999999999999,8.305,7.984,8.522
9,9,4.0,5.0,4.0,6.0,4.0,7.0,4.0,6.0,3.0,7.0,30,1,3,4,1,11,54,15,10,14,10,27,22.607,14.122,20.273,20.322,15.509,14.88,11.972000000000001,13.322000000000001,12.345,11.255999999999998
10,10,3.0,5.0,4.0,0.0,0.0,3.0,3.0,5.0,2.0,2.0,1,3,0,1,2,20,15,17,13,15,19,51,39.333,28.982,15.815999999999999,15.786,12.729000000000001,18.634,14.474,32.408,18.148,37.073
11,11,0.0,0.0,0.0,0.0,0.0,0.0,0.0,0.0,0.0,0.0,0,0,0,0,0,0,23,24,22,19,22,20,15.3,14.350999999999999,7.337000000000001,6.07,5.202999999999999,7.94,8.962,5.817,4.946000000000001,4.994
12,12,1.0,1.0,2.0,1.0,2.0,5.0,3.0,4.0,3.0,4.0,0,0,1,24,0,1,13,14,17,54,15,17,27.699,30.52,31.136999999999997,32.202,43.757,32.609,29.705,28.496,27.813000000000002,27.05
13,13,3.0,2.0,2.0,3.0,3.0,1.0,0.0,2.0,2.0,1.0,0,0,1,9,0,9,14,12,18,40,10,36,50.912,22.616,26.568,25.392,29.441,17.141,26.935,27.269000000000002,21.820999999999998,48.842
14,14,2.0,2.0,1.0,1.0,2.0,1.0,1.0,1.0,1.0,2.0,3,1,0,4,1,5,26,16,17,21,16,34,34.074,22.905,23.239,18.671,23.489,20.866999999999997,21.284000000000002,19.855,23.816,31.135
15,15,0.0,0.0,0.0,1.0,1.0,1.0,1.0,2.0,3.0,0.0,0,0,3,0,1,5,18,14,28,20,18,32,6.819,8.19,10.103,15.79,15.187000000000001,15.19,19.3,18.067,21.691999999999997,10.685
16,16,3.0,1.0,5.0,5.0,4.0,7.0,4.0,8.0,5.0,3.0,4,0,0,36,1,4,15,13,14,58,15,15,12.427,9.187000000000001,21.831999999999997,19.779,15.828,16.641,15.222999999999999,21.2,16.0,26.698
17,17,3.0,3.0,3.0,5.0,2.0,1.0,2.0,3.0,1.0,1.0,0,1,1,8,0,14,14,14,19,29,12,42,37.044000000000004,23.654,21.298000000000002,25.151,19.738,15.869000000000002,19.582,20.394000000000002,22.974,18.107
18,18,2.0,3.0,3.0,3.0,3.0,3.0,1.0,1.0,1.0,1.0,0,0,3,11,1,6,13,14,18,45,13,27,13.753,12.39,13.140999999999998,17.298,18.512,9.859,11.298,9.642000000000001,5.622999999999999,6.602
19,19,1.0,1.0,1.0,1.0,1.0,1.0,1.0,1.0,1.0,1.0,2,1,1,2,3,1,22,23,18,23,25,19,28.18,14.26,7.6979999999999995,8.521,5.446000000000001,9.816,6.688,6.438,3.9589999999999996,7.586
20,20,7.0,3.0,1.0,7.0,8.0,7.0,9.0,7.0,8.0,6.0,1,0,3,49,3,7,11,10,14,60,16,19,62.974,36.798,48.638999999999996,46.602,38.897,44.887,37.427,38.173,35.77,36.246
21,21,2.0,3.0,4.0,2.0,0.0,2.0,3.0,2.0,2.0,2.0,1,0,0,17,0,4,13,15,13,55,15,19,46.852,24.320999999999998,13.341,15.124,18.941,22.142,16.611,10.09,24.963,12.630999999999998
22,22,4.0,2.0,2.0,4.0,3.0,3.0,2.0,2.0,4.0,5.0,1,0,2,25,1,2,15,11,15,59,15,15,63.56399999999999,30.261999999999997,43.137,36.66,50.588,35.625,39.569,31.013,40.875,45.04600000000001
23,23,2.0,1.0,1.0,1.0,1.0,1.0,1.0,1.0,1.0,1.0,5,1,0,0,3,2,36,22,14,16,24,18,32.617,7.655,7.148,10.189,12.185,6.37,4.636,4.909,5.76,5.649
24,24,3.0,3.0,3.0,4.0,2.0,4.0,3.0,2.0,1.0,4.0,0,0,1,22,5,1,14,13,17,55,20,11,47.07899999999999,33.099000000000004,16.804000000000002,31.08,23.735,32.328,24.234,19.083,19.861,19.707
25,25,3.0,2.0,3.0,4.0,4.0,4.0,2.0,3.0,4.0,3.0,1,0,1,25,0,5,19,15,14,50,11,21,49.69,50.39,25.886,28.066999999999997,23.675,33.524,27.065,29.145,38.928000000000004,45.244
26,26,2.0,4.0,3.0,2.0,4.0,1.0,2.0,2.0,1.0,2.0,2,2,0,1,0,18,18,16,13,15,14,54,34.191,30.569000000000003,27.916999999999998,23.04,31.185,19.21,24.555999999999997,22.588,22.388,17.314
27,27,3.0,6.0,7.0,8.0,1.0,5.0,1.0,4.0,4.0,7.0,2,0,2,37,0,5,13,11,12,64,13,17,27.142,26.351,37.98,34.459,31.794,40.869,35.347,41.393,37.838,53.738
29,29,2.0,4.0,3.0,2.0,2.0,1.0,2.0,4.0,2.0,2.0,0,0,0,18,1,5,13,14,17,51,15,20,122.494,31.706,33.094,27.491999999999997,21.868000000000002,17.586,30.895,26.955,18.063,27.483
30,30,1.0,3.0,4.0,1.0,4.0,4.0,3.0,3.0,2.0,5.0,3,1,1,5,16,4,17,12,15,18,48,20,24.203000000000003,24.613000000000003,29.500999999999998,19.398,32.054,22.151,27.188000000000002,25.223000000000003,24.384,31.896
31,31,1.0,3.0,4.0,3.0,2.0,1.0,1.0,0.0,3.0,2.0,0,0,0,15,0,5,14,14,16,53,13,20,55.35,56.607,56.257,67.035,48.586999999999996,42.896,48.102,43.32,55.85,42.382
32,32,1.0,3.0,7.0,4.0,3.0,3.0,5.0,2.0,1.0,2.0,0,0,1,21,1,8,13,13,14,52,14,24,42.726000000000006,29.758000000000003,33.935,34.631,24.441999999999997,23.410999999999998,28.125999999999998,32.894,19.342,20.298
33,33,4.0,4.0,6.0,5.0,6.0,8.0,5.0,5.0,5.0,5.0,1,8,8,36,0,0,12,18,19,57,11,13,41.756,36.735,49.702,47.013999999999996,38.16,58.288000000000004,34.556999999999995,33.298,46.958999999999996,32.998000000000005
34,34,1.0,1.0,1.0,2.0,2.0,1.0,3.0,2.0,1.0,4.0,0,0,0,15,1,2,13,13,16,49,20,19,98.374,81.417,27.896,41.275,40.57,24.543000000000003,30.221999999999998,26.281,24.17,27.811
35,35,1.0,2.0,0.0,1.0,0.0,2.0,2.0,2.0,1.0,1.0,10,0,0,1,1,0,49,13,16,17,17,18,25.340999999999998,18.279,13.342,19.175,22.715,15.987,18.468,20.589000000000002,16.062,20.345
36,36,3.0,4.0,3.0,2.0,2.0,1.0,0.0,3.0,3.0,3.0,1,0,1,12,0,10,16,14,16,37,14,33,30.273000000000003,22.548000000000002,34.927,19.506,16.343,13.837,18.473,27.49,27.141,25.348000000000003
38,38,1.0,1.0,1.0,1.0,1.0,1.0,1.0,1.0,1.0,1.0,0,0,0,6,3,1,16,15,15,43,25,16,23.01,23.651999999999997,9.408,7.065,10.659,5.0680000000000005,3.81,10.405999999999999,5.064,8.78
39,39,1.0,1.0,1.0,1.0,1.0,1.0,1.0,1.0,1.0,1.0,0,0,0,2,0,8,14,16,18,23,16,43,48.473,25.750999999999998,17.509,23.996,33.236999999999995,28.468000000000004,21.304000000000002,25.328000000000003,33.893,26.429000000000002
40,40,2.0,3.0,3.0,5.0,5.0,2.0,6.0,4.0,1.0,5.0,2,0,3,30,0,1,11,13,14,67,11,14,37.963,36.756,43.306999999999995,41.393,40.415,32.981,38.292,34.568000000000005,28.703000000000003,33.931999999999995
41,41,1.0,1.0,1.0,2.0,1.0,5.0,3.0,3.0,2.0,2.0,1,0,0,19,0,1,16,15,12,56,17,14,18.355,3.733,5.8629999999999995,9.101,28.081,19.968,22.163,11.584000000000001,20.096,12.882
42,42,4.0,3.0,4.0,3.0,1.0,1.0,0.0,2.0,3.0,2.0,0,0,0,7,2,14,13,15,13,26,14,49,53.75899999999999,54.869,46.75,41.702,122.635,38.001999999999995,57.434,28.275,29.71,23.744
43,43,3.0,3.0,3.0,3.0,4.0,1.0,2.0,1.0,3.0,3.0,6,1,1,16,0,2,21,16,15,49,14,15,32.825,29.564,28.155,34.247,28.313000000000002,39.405,35.306,22.141,34.421,37.751
44,44,1.0,1.0,1.0,1.0,0.0,1.0,1.0,1.0,1.0,1.0,2,2,1,3,1,0,24,28,16,24,24,14,46.125,11.958,32.794000000000004,8.953,18.929000000000002,8.991,6.985,20.945999999999998,7.992999999999999,48.805
45,45,4.0,3.0,4.0,4.0,6.0,4.0,2.0,2.0,2.0,1.0,4,7,0,14,3,4,20,23,13,40,16,18,61.74,62.909,39.69,31.083000000000002,34.72,31.247,23.596999999999998,22.599,29.725,19.332
46,46,1.0,1.0,0.0,1.0,1.0,1.0,1.0,1.0,1.0,1.0,0,0,2,2,1,4,17,17,24,24,22,26,37.71,22.648000000000003,21.837,20.128,19.534000000000002,30.338,13.913,20.750999999999998,19.726,18.168
47,47,5.0,5.0,5.0,6.0,9.0,6.0,6.0,7.0,7.0,8.0,0,1,7,2,3,51,11,13,20,13,15,58,28.834,30.009,24.424,27.773000000000003,23.647,22.973000000000003,26.046,22.703000000000003,23.211,28.171999999999997
48,48,2.0,5.0,5.0,5.0,7.0,6.0,3.0,4.0,5.0,5.0,0,0,0,21,1,25,15,13,11,38,11,42,44.449,31.57,26.746,28.254,19.97,49.287,22.156,21.487,24.85,19.410999999999998
49,49,3.0,4.0,7.0,5.0,3.0,6.0,5.0,8.0,5.0,6.0,0,1,1,25,0,25,12,16,13,41,11,37,19.639,14.499,14.852,9.434,12.364,13.168,12.974,18.394000000000002,12.687999999999999,13.392999999999999
50,50,6.0,5.0,3.0,6.0,4.0,7.0,8.0,8.0,8.0,7.0,0,0,6,46,0,10,13,15,17,51,10,24,58.641999999999996,45.486000000000004,51.041000000000004,44.105,41.895,33.943000000000005,43.673,41.233999999999995,40.196,42.82899999999999
51,51,2.0,3.0,3.0,1.0,2.0,2.0,4.0,3.0,1.0,2.0,3,2,7,8,2,1,16,16,35,32,15,16,47.876999999999995,21.471,22.718000000000004,23.826,30.858,29.773000000000003,30.301,17.207,20.465,25.686
53,53,1.0,1.0,1.0,1.0,1.0,1.0,1.0,1.0,1.0,1.0,0,0,1,4,0,5,16,17,16,30,14,37,35.664,29.851,25.444000000000003,21.514,31.633000000000003,22.494,38.719,33.465,36.992,29.288
54,54,1.0,2.0,2.0,2.0,1.0,4.0,4.0,0.0,2.0,1.0,0,0,3,13,0,3,13,15,23,48,13,18,31.314,25.611,16.925,24.82,16.926,18.628,21.07,14.133,18.795,14.034
55,55,3.0,5.0,6.0,3.0,3.0,6.0,3.0,3.0,3.0,3.0,4,0,5,17,0,12,17,15,18,37,11,32,65.14399999999999,46.397,52.933,41.398,48.72,56.806999999999995,70.983,47.467,58.983999999999995,62.247
56,56,2.0,4.0,2.0,2.0,1.0,0.0,3.0,2.0,0.0,2.0,9,7,1,0,0,1,38,37,16,12,15,12,68.458,30.088,28.959,22.695,19.538,17.884,28.584,16.107,18.105,22.728
57,57,5.0,6.0,5.0,5.0,3.0,5.0,3.0,7.0,3.0,3.0,0,1,4,9,5,26,14,14,21,13,20,48,50.795,45.368,60.778999999999996,46.251000000000005,43.417,46.586000000000006,51.753,48.465,46.733999999999995,36.015
58,58,3.0,3.0,2.0,6.0,4.0,2.0,6.0,4.0,4.0,7.0,0,0,0,37,0,4,12,13,10,62,16,17,20.785999999999998,14.663,12.421,14.864,18.283,9.66,12.405,10.751,14.475,14.918
59,59,2.0,2.0,3.0,4.0,3.0,2.0,2.0,3.0,4.0,2.0,2,0,3,21,0,1,15,14,21,53,12,15,37.019,35.854,28.695,35.97,30.898000000000003,25.539,18.047,24.320999999999998,25.453000000000003,19.320999999999998
60,60,1.0,1.0,1.0,1.0,1.0,1.0,1.0,1.0,1.0,2.0,0,0,0,11,0,0,19,14,15,51,16,15,18.69,5.837000000000001,8.156,17.932000000000002,4.272,16.97,5.263,12.037,10.54,24.02
61,61,2.0,3.0,1.0,2.0,4.0,2.0,3.0,1.0,2.0,4.0,2,0,0,20,0,2,21,12,14,53,11,19,36.383,34.144,42.097,26.695999999999998,20.375,25.149,18.044,36.239000000000004,35.201,38.203
62,62,3.0,3.0,3.0,2.0,2.0,4.0,2.0,1.0,3.0,2.0,2,0,1,8,4,10,18,16,13,26,21,36,49.961000000000006,43.09,49.31,50.261,26.092,41.869,34.289,33.821,37.833,50.897
63,63,4.0,1.0,4.0,1.0,2.0,1.0,4.0,3.0,2.0,0.0,0,0,0,14,3,5,12,18,13,42,20,25,36.464,38.548,35.716,26.726999999999997,35.415,26.247,30.910999999999998,33.241,24.304000000000002,34.387
64,64,0.0,2.0,0.0,0.0,1.0,1.0,0.0,2.0,0.0,1.0,0,2,0,0,2,3,18,26,17,14,26,29,28.459,24.991999999999997,12.205,16.794,15.184000000000001,21.645,18.145,28.259,13.436,20.785
65,65,2.0,2.0,2.0,1.0,2.0,1.0,1.0,2.0,1.0,2.0,2,4,4,5,0,1,18,27,29,26,11,19,35.588,27.23,27.641,26.35,20.471,19.982,35.346,20.048,23.781999999999996,20.061
66,66,2.0,1.0,2.0,2.0,1.0,1.0,3.0,2.0,1.0,1.0,1,0,1,12,0,2,16,17,20,44,12,21,35.092,26.289,25.143,25.5,20.329,29.691999999999997,22.701,24.095,24.789,25.138
67,67,3.0,4.0,4.0,4.0,4.0,1.0,2.0,2.0,2.0,3.0,3,0,2,14,1,9,18,13,15,37,15,32,73.395,53.592,35.39,39.271,41.516000000000005,35.664,30.741999999999997,38.91,32.986999999999995,36.931999999999995
68,68,1.0,1.0,1.0,2.0,1.0,1.0,1.0,1.0,1.0,1.0,1,2,1,6,0,1,20,22,19,33,17,19,41.626000000000005,28.459,26.576,22.831,20.787,22.098000000000003,19.771,24.859,22.419,17.752
69,69,3.0,3.0,3.0,1.0,0.0,0.0,3.0,0.0,3.0,2.0,0,0,2,11,3,2,11,13,22,41,23,20,71.175,43.183,38.22,40.723,39.195,19.277,39.46,39.422,35.33,37.245
70,70,3.0,2.0,2.0,6.0,1.0,2.0,2.0,2.0,3.0,1.0,0,0,2,20,1,1,13,12,18,61,12,14,55.976000000000006,38.109,45.256,45.146,41.419,44.428999999999995,47.008,37.555,38.823,41.327
71,71,3.0,6.0,10.0,4.0,7.0,5.0,6.0,7.0,8.0,5.0,1,0,3,46,10,1,13,13,13,54,26,11,66.654,67.942,74.455,56.676,70.175,62.66,64.30199999999999,59.901,67.26899999999999,61.07899999999999
72,72,3.0,4.0,6.0,5.0,2.0,4.0,2.0,2.0,0.0,1.0,1,0,0,21,4,3,12,19,13,53,19,14,44.427,31.971,35.001,28.553,30.837,26.816999999999997,28.055999999999997,32.65,25.488000000000003,26.182
73,73,4.0,7.0,5.0,5.0,4.0,6.0,2.0,2.0,3.0,4.0,1,0,1,26,8,6,11,11,12,46,29,21,50.843,49.549,43.934,35.271,35.019,35.94,27.872,29.785,30.659000000000002,31.386999999999997
74,74,1.0,0.0,2.0,2.0,5.0,0.0,3.0,1.0,1.0,2.0,0,2,2,3,0,10,17,20,20,17,14,42,59.593,37.431999999999995,59.638000000000005,63.923,53.315,59.453,61.016000000000005,53.824,47.56100000000001,48.736999999999995
75,75,3.0,5.0,3.0,4.0,2.0,3.0,3.0,2.0,3.0,3.0,0,0,25,4,0,2,16,12,57,19,13,13,27.844,24.302,21.961,20.868000000000002,24.473000000000003,22.116999999999997,17.859,28.761999999999997,19.239,17.678
76,76,2.0,3.0,1.0,2.0,1.0,3.0,2.0,1.0,3.0,2.0,0,4,0,4,0,12,14,22,14,26,14,40,28.843000000000004,30.064,25.588,24.631,21.19,17.817999999999998,19.2,19.675,19.785999999999998,28.581
77,77,2.0,1.0,2.0,3.0,3.0,3.0,2.0,3.0,3.0,4.0,0,1,1,23,0,1,16,15,12,58,12,17,40.454,28.278000000000002,12.397,10.399000000000001,8.017000000000001,13.511,11.585,9.699,17.354,6.879
78,78,2.0,3.0,4.0,2.0,5.0,2.0,6.0,4.0,2.0,5.0,3,3,4,25,0,0,18,16,19,50,12,15,41.68600000000001,33.052,40.06,26.214000000000002,25.974,24.113000000000003,24.811,33.900999999999996,19.039,32.363
79,79,1.0,2.0,1.0,1.0,2.0,3.0,3.0,1.0,3.0,2.0,0,0,0,18,0,1,13,15,17,58,11,16,56.378,36.543,38.745,40.65,39.159,39.137,40.079,40.372,48.496,32.375
80,80,4.0,3.0,3.0,1.0,4.0,2.0,1.0,1.0,3.0,5.0,2,0,2,14,0,9,14,16,22,31,11,36,66.112,36.167,38.471,24.418000000000003,27.631999999999998,37.678000000000004,32.725,35.264,20.991,27.009
82,82,2.0,3.0,3.0,2.0,1.0,3.0,4.0,3.0,1.0,2.0,0,1,1,21,1,0,13,14,13,58,20,12,42.193999999999996,34.88,21.049,22.408,16.328,21.409000000000002,16.067999999999998,15.29,26.305,21.853
83,83,1.0,0.0,2.0,5.0,1.0,0.0,0.0,2.0,1.0,2.0,4,3,0,6,0,1,26,28,16,30,14,16,27.732,27.682,31.997,60.097,48.733000000000004,25.609,26.544,27.899,27.365,67.233
84,84,4.0,3.0,6.0,3.0,5.0,5.0,4.0,5.0,4.0,7.0,4,1,2,33,2,4,19,13,15,59,12,12,55.028,42.163999999999994,43.166000000000004,40.138000000000005,59.181999999999995,48.586999999999996,37.265,44.04,41.506,49.83
85,85,2.0,3.0,4.0,3.0,2.0,4.0,2.0,4.0,3.0,3.0,3,8,4,6,6,3,18,27,17,25,22,21,58.201,20.495,26.899,18.095,22.334,15.892000000000001,14.9,11.614,30.905,16.22
86,86,5.0,5.0,3.0,5.0,7.0,4.0,5.0,4.0,4.0,4.0,5,0,1,28,0,12,20,13,11,44,10,32,41.427,33.516,28.169,30.254,27.881999999999998,33.659,35.039,35.321999999999996,27.368000000000002,30.314
87,87,2.0,3.0,2.0,2.0,3.0,0.0,0.0,0.0,2.0,0.0,1,0,0,7,0,6,15,16,9,37,17,36,45.298,22.372,30.445,36.393,159.975,25.914,42.923,16.947,50.696999999999996,31.725
88,88,3.0,1.0,2.0,1.0,1.0,3.0,0.0,1.0,0.0,0.0,6,1,0,4,0,1,36,18,12,30,15,19,94.694,41.64,17.067,36.044000000000004,22.311,28.124000000000002,24.035,26.998,15.003,15.942
89,89,2.0,1.0,3.0,2.0,5.0,1.0,0.0,1.0,4.0,4.0,0,0,0,21,0,2,16,14,13,55,14,18,70.247,36.277,38.0,19.492,26.561,22.77,28.633000000000003,22.261,26.98,31.373
90,90,2.0,0.0,0.0,0.0,2.0,0.0,1.0,1.0,3.0,1.0,4,1,1,4,0,0,26,20,22,32,15,15,21.291,22.238000000000003,42.964,18.475,27.313000000000002,29.323,17.227999999999998,23.625,41.613,22.546
91,91,2.0,2.0,0.0,1.0,1.0,2.0,0.0,0.0,0.0,0.0,2,1,1,4,0,0,24,20,22,35,14,15,47.589,24.58,38.541,53.016000000000005,40.639,19.886,38.953,36.834,22.625,17.686
92,92,1.0,2.0,1.0,0.0,1.0,1.0,1.0,0.0,1.0,0.0,4,0,0,1,0,3,40,14,18,16,14,28,30.531999999999996,25.655,14.946,21.24,27.423000000000002,20.308,18.715,12.100999999999999,21.164,53.074
93,93,0.0,0.0,1.0,2.0,1.0,2.0,0.0,0.0,0.0,0.0,1,3,0,0,0,2,20,37,17,15,15,26,24.29,46.895,25.585,33.509,73.441,28.697,16.6,19.016,17.471,23.12
94,94,0.0,1.0,0.0,1.0,1.0,0.0,0.0,0.0,1.0,0.0,1,2,0,0,1,0,24,27,21,19,22,17,15.904000000000002,37.847,22.608,37.229,31.101,34.425,18.462,15.754000000000001,28.453000000000003,13.145999999999999
95,95,3.0,4.0,4.0,5.0,3.0,3.0,4.0,4.0,1.0,3.0,0,0,1,26,2,5,15,15,11,56,14,19,38.06,26.006999999999998,29.889,29.324,11.079,13.620999999999999,16.01,14.773,22.215999999999998,27.084
96,96,3.0,3.0,4.0,1.0,3.0,3.0,3.0,1.0,2.0,2.0,0,0,7,13,3,2,13,11,27,47,17,15,46.132,34.383,24.384,33.854,31.414,25.201,27.101999999999997,21.287,27.136999999999997,25.945999999999998
97,97,6.0,10.0,6.0,8.0,8.0,7.0,4.0,1.0,7.0,2.0,7,0,4,30,10,8,20,12,13,44,24,17,55.545,35.287,41.158,46.975,31.906,47.916000000000004,37.2,41.217,36.673,37.351
98,98,4.0,4.0,3.0,3.0,6.0,2.0,3.0,1.0,2.0,3.0,0,0,0,3,0,28,13,11,14,19,12,61,32.461,56.997,50.093,43.283,43.812,37.638000000000005,28.998,30.494,25.639,125.60799999999999
99,99,2.0,4.0,3.0,2.0,3.0,1.0,2.0,1.0,4.0,4.0,1,4,8,9,0,4,15,21,31,28,16,19,27.026,27.541,23.544,45.845,27.092,28.719,22.410999999999998,20.815,26.522,30.232
100,100,4.0,4.0,3.0,4.0,5.0,4.0,4.0,2.0,3.0,6.0,2,6,0,30,1,0,13,18,12,63,12,12,77.587,59.479,37.823,46.20399999999999,53.138999999999996,33.705999999999996,41.523,37.55,45.443000000000005,39.260999999999996
101,101,3.0,3.0,5.0,1.0,4.0,0.0,3.0,2.0,2.0,2.0,1,1,1,15,0,7,13,14,17,50,11,25,49.431000000000004,45.813,41.361000000000004,33.201,35.173,32.961999999999996,37.782,36.965,41.12,32.793
102,102,3.0,4.0,2.0,3.0,1.0,3.0,1.0,1.0,1.0,0.0,0,0,15,2,0,2,12,12,58,16,14,18,30.829,21.88,20.666999999999998,103.62299999999999,21.072,23.081999999999997,55.159,21.281999999999996,14.329,22.324
103,103,0.0,2.0,1.0,1.0,2.0,2.0,2.0,3.0,2.0,1.0,4,2,2,8,0,0,25,20,20,33,16,16,25.999000000000002,22.921999999999997,21.255,19.566,26.629,18.598,14.15,16.127,18.31,15.252
104,104,5.0,7.0,4.0,9.0,4.0,5.0,5.0,3.0,2.0,3.0,5,33,0,2,0,7,17,61,12,10,13,17,62.733999999999995,43.57,35.727,38.396,37.036,23.18,36.976,25.814,20.033,23.706
105,105,2.0,3.0,3.0,3.0,2.0,3.0,5.0,1.0,5.0,2.0,1,0,2,23,0,3,12,14,14,59,17,14,39.123000000000005,21.854,36.966,20.102999999999998,33.675,33.602,30.666,29.118000000000002,35.547,35.399
106,106,2.0,2.0,1.0,1.0,1.0,1.0,0.0,0.0,2.0,1.0,0,0,1,7,0,3,16,15,16,43,14,26,46.72,24.499000000000002,26.323,24.719,13.661,35.191,24.831,24.094,19.135,16.692999999999998
107,107,3.0,5.0,4.0,3.0,5.0,6.0,1.0,6.0,4.0,4.0,0,1,2,33,3,2,12,13,14,68,11,12,61.281000000000006,41.942,55.831,34.983000000000004,40.662,52.268,36.547,44.523999999999994,40.726,44.434
108,108,7.0,4.0,6.0,5.0,6.0,7.0,6.0,6.0,5.0,4.0,2,0,0,23,0,31,15,11,11,33,12,48,55.606,37.025,42.058,33.147,38.287,48.937,55.908,51.763999999999996,36.988,43.648999999999994
109,109,5.0,6.0,5.0,7.0,7.0,3.0,6.0,6.0,5.0,7.0,0,0,37,10,2,8,10,13,52,22,16,17,31.05,35.179,26.791999999999998,37.385999999999996,36.96,22.43,50.824,25.755,24.433000000000003,50.848
110,110,5.0,6.0,5.0,7.0,6.0,8.0,9.0,6.0,6.0,5.0,1,1,9,38,3,11,12,11,21,59,10,17,65.475,56.788999999999994,55.657,50.961999999999996,56.227,62.303000000000004,45.761,47.042,43.532,50.83
111,111,3.0,3.0,3.0,3.0,3.0,0.0,1.0,1.0,2.0,3.0,13,1,2,2,3,1,45,14,19,19,21,12,44.282,15.709000000000001,17.438,17.391,19.886,19.255,13.261,11.33,18.143,14.159
112,112,3.0,6.0,4.0,2.0,3.0,2.0,1.0,3.0,3.0,2.0,9,2,0,15,0,3,28,19,11,43,10,19,71.257,57.928000000000004,36.969,37.755,47.583999999999996,46.63399999999999,39.187,51.826,45.825,30.429000000000002
113,113,4.0,5.0,2.0,2.0,3.0,2.0,3.0,4.0,2.0,2.0,1,0,11,13,0,4,16,13,34,35,16,16,61.28,66.133,63.36,76.961,86.95700000000001,73.839,78.842,63.386,69.498,79.77600000000001
114,114,3.0,3.0,3.0,5.0,4.0,1.0,2.0,5.0,3.0,5.0,0,1,5,21,1,6,14,12,20,44,18,22,44.148999999999994,42.723,58.193000000000005,45.895,55.407,37.919000000000004,42.011,47.748000000000005,50.931000000000004,44.468999999999994
115,115,8.0,9.0,10.0,8.0,9.0,10.0,10.0,9.0,11.0,9.0,2,2,17,32,11,29,12,11,21,36,20,30,47.068999999999996,39.626,26.858,18.785,37.265,27.116,18.909000000000002,34.629,32.119,27.798000000000002
117,117,1.0,3.0,3.0,3.0,0.0,2.0,2.0,1.0,1.0,2.0,0,1,2,5,4,6,16,14,19,28,23,30,41.464,28.268,29.295,26.95,22.576999999999998,26.201999999999998,26.074,25.996,29.385,21.305
118,118,4.0,3.0,4.0,5.0,6.0,4.0,3.0,1.0,6.0,1.0,0,1,0,15,6,15,12,15,12,31,23,37,68.686,38.229,49.035,55.516000000000005,48.273,67.084,38.196,34.069,40.477,30.767
119,119,4.0,4.0,3.0,5.0,5.0,4.0,3.0,5.0,2.0,3.0,0,5,1,17,1,14,14,16,15,38,14,33,46.082,36.545,40.163000000000004,38.278,32.352,30.653000000000002,27.601,31.478,31.76,30.399
120,120,4.0,3.0,3.0,2.0,2.0,1.0,3.0,1.0,2.0,2.0,1,0,2,17,0,3,15,14,18,55,11,17,67.141,39.813,41.415,49.351000000000006,76.054,44.123999999999995,35.317,49.03,43.516999999999996,34.249
121,121,2.0,8.0,6.0,7.0,4.0,3.0,3.0,5.0,5.0,4.0,0,0,20,17,0,10,13,16,29,34,13,25,30.664,24.743000000000002,27.011,21.994,22.871,16.088,44.67100000000001,22.28,25.160999999999998,27.863000000000003
122,122,1.0,2.0,3.0,1.0,3.0,2.0,1.0,1.0,1.0,1.0,2,0,0,2,0,12,20,15,15,20,13,47,70.288,37.914,47.879,129.115,44.783,61.982,34.543,65.439,113.344,51.324
123,123,1.0,1.0,4.0,1.0,1.0,1.0,1.0,1.0,2.0,0.0,1,6,0,5,0,1,17,36,15,31,15,16,27.491,40.37,22.435,23.961,28.366999999999997,23.628,31.893,29.482,35.876999999999995,23.971999999999998
124,124,3.0,2.0,5.0,2.0,3.0,3.0,3.0,1.0,1.0,1.0,1,0,2,18,1,2,13,13,16,56,14,18,82.56299999999999,75.865,77.125,54.533,70.452,85.36399999999999,67.04899999999999,76.48899999999999,50.972,65.675
125,125,4.0,8.0,8.0,6.0,10.0,9.0,9.0,8.0,10.0,8.0,44,0,5,15,4,12,46,13,15,21,14,21,91.92399999999999,58.482,68.152,42.107,40.088,43.196000000000005,38.373000000000005,41.928000000000004,42.882,63.196999999999996
126,126,2.0,4.0,3.0,3.0,2.0,3.0,2.0,3.0,1.0,2.0,0,5,4,5,11,0,14,26,17,24,34,15,44.548,31.658,30.359,35.074,25.27,29.74,19.473,18.65,17.854,21.028000000000002
127,127,6.0,5.0,5.0,5.0,5.0,4.0,5.0,9.0,8.0,8.0,1,1,7,9,2,40,11,14,15,16,11,63,58.718999999999994,34.716,30.088,26.058000000000003,20.766,17.562,25.947,51.518,31.381,37.549
128,128,0.0,2.0,1.0,0.0,0.0,0.0,0.0,1.0,0.0,0.0,2,0,0,1,1,0,31,18,19,20,25,17,57.967,39.365,35.330999999999996,25.059,19.791,20.858,19.137999999999998,29.795,27.831999999999997,18.421
129,129,3.0,4.0,8.0,6.0,7.0,8.0,6.0,7.0,9.0,8.0,0,0,32,30,4,0,13,11,37,42,15,12,56.48,35.115,48.388999999999996,62.025,30.201,44.708,35.455,28.206999999999997,33.125,26.434
130,130,6.0,5.0,6.0,3.0,3.0,4.0,5.0,5.0,4.0,3.0,6,0,4,25,2,7,19,14,20,46,10,21,56.721000000000004,54.096000000000004,59.294,60.589,54.042,89.11399999999999,62.293,98.319,78.747,57.0
131,131,5.0,5.0,5.0,5.0,5.0,8.0,7.0,5.0,6.0,6.0,3,0,31,4,2,17,18,11,39,18,12,32,72.012,50.608000000000004,41.163000000000004,45.077,33.036,43.36,35.075,30.278000000000002,28.885,51.87
132,132,6.0,4.0,8.0,6.0,6.0,4.0,7.0,3.0,7.0,6.0,0,0,0,15,1,41,11,11,13,26,13,56,61.486999999999995,50.49100000000001,31.281999999999996,30.717,23.585,35.482,16.121,24.221,15.187000000000001,17.913
133,133,6.0,4.0,3.0,4.0,5.0,5.0,2.0,2.0,5.0,3.0,4,2,3,23,0,7,18,15,13,51,12,21,50.997,32.306999999999995,31.590999999999998,33.936,35.628,33.419000000000004,24.837,206.139,29.209,31.601999999999997
134,134,2.0,2.0,1.0,3.0,2.0,0.0,1.0,3.0,2.0,1.0,4,0,0,12,0,1,26,14,15,46,14,15,57.638000000000005,43.852,36.75,42.781000000000006,38.989000000000004,42.43,30.967,44.083999999999996,46.833,35.766999999999996
135,135,2.0,1.0,0.0,1.0,0.0,1.0,1.0,0.0,0.0,0.0,0,0,3,1,2,0,16,16,32,23,28,15,23.965999999999998,19.957,20.343,22.99,24.425,18.098,20.054000000000002,15.77,30.676,20.581
136,136,2.0,2.0,4.0,4.0,6.0,4.0,2.0,3.0,1.0,3.0,2,0,6,22,0,1,14,15,20,53,16,12,32.741,29.566,25.171999999999997,35.784,25.374000000000002,18.583,18.814,22.38,25.06,14.067
137,137,3.0,6.0,6.0,6.0,7.0,5.0,4.0,8.0,5.0,7.0,8,2,1,27,0,19,23,13,14,40,12,28,41.805,35.476,32.701,52.836000000000006,94.25299999999999,28.576,43.185,43.07899999999999,39.114000000000004,50.495
138,138,3.0,5.0,8.0,8.0,8.0,8.0,8.0,7.0,9.0,7.0,0,0,0,14,1,56,10,14,12,19,11,64,39.878,31.386,20.188,16.247,20.299,36.421,39.906,26.438000000000002,30.587,40.202
139,139,7.0,8.0,9.0,9.0,10.0,9.0,9.0,11.0,11.0,10.0,15,0,7,34,1,36,21,11,15,34,11,38,44.99,42.964,50.526,29.298000000000002,48.907,31.809,38.703,34.743,33.734,40.736
140,140,4.0,4.0,4.0,2.0,4.0,3.0,2.0,4.0,4.0,3.0,2,3,1,10,8,10,17,16,13,28,29,27,36.01,33.826,74.373,26.342,67.819,32.59,21.803,30.291999999999998,45.385,31.089000000000002
141,141,5.0,7.0,4.0,5.0,4.0,4.0,5.0,6.0,2.0,5.0,4,0,1,34,7,1,14,13,11,58,19,15,95.335,96.2,93.839,130.089,80.404,86.08200000000001,94.39200000000001,109.944,59.922,76.641
142,142,3.0,0.0,2.0,2.0,3.0,1.0,3.0,3.0,5.0,2.0,3,4,4,1,6,6,21,23,22,12,24,28,26.361,22.048000000000002,23.909000000000002,19.609,21.651999999999997,15.008,24.732,16.974,20.961,18.01
143,143,2.0,4.0,2.0,3.0,0.0,1.0,1.0,2.0,1.0,1.0,1,1,2,4,5,4,16,17,18,27,23,29,51.306000000000004,38.882,36.931,35.983000000000004,35.404,24.156999999999996,27.111,24.394000000000002,21.475,23.98
144,144,4.0,6.0,7.0,7.0,6.0,3.0,4.0,3.0,6.0,7.0,1,2,0,24,5,21,12,14,11,42,11,40,53.67,63.537,57.398999999999994,59.373999999999995,47.997,57.608999999999995,47.328,45.578,53.938,57.8
145,145,2.0,2.0,1.0,1.0,3.0,3.0,2.0,4.0,3.0,2.0,2,18,1,0,2,0,23,44,16,11,21,15,36.896,19.988,16.111,18.435,19.743,16.285999999999998,22.686,19.346,11.562000000000001,17.22
146,146,3.0,6.0,3.0,3.0,7.0,7.0,4.0,1.0,4.0,5.0,4,0,12,12,2,13,14,15,27,30,13,31,78.449,37.172,32.958,41.842,39.473,32.367,33.031,52.232,27.324,44.615
147,147,5.0,7.0,2.0,6.0,7.0,5.0,7.0,6.0,5.0,4.0,1,0,3,39,6,5,13,10,12,60,15,20,80.39699999999999,86.191,40.541,50.727,59.391999999999996,51.923,35.385999999999996,45.729,42.323,46.083999999999996
148,148,3.0,5.0,3.0,5.0,5.0,4.0,5.0,5.0,3.0,2.0,1,0,1,6,0,32,12,12,13,20,13,60,56.756,52.396,53.235,93.09200000000001,61.731,72.109,52.946999999999996,56.748999999999995,54.18600000000001,108.449
149,149,3.0,3.0,2.0,3.0,5.0,2.0,2.0,4.0,5.0,3.0,10,1,0,11,3,7,26,14,16,28,20,26,29.693,29.939,23.543000000000003,18.457,25.835,25.078000000000003,23.804000000000002,26.898000000000003,20.534000000000002,17.962
150,150,6.0,4.0,5.0,4.0,6.0,3.0,4.0,1.0,4.0,5.0,23,1,0,12,0,6,46,12,14,27,13,18,21.871,24.329,23.752,19.628,26.491,18.479,21.272,21.160999999999998,31.826999999999998,19.273
151,151,1.0,2.0,1.0,1.0,1.0,1.0,1.0,1.0,1.0,1.0,0,0,2,6,0,3,16,16,14,39,14,31,67.726,69.834,53.593999999999994,59.301,52.162,48.955,70.931,63.644,66.449,53.871
152,152,4.0,3.0,4.0,6.0,4.0,6.0,6.0,7.0,9.0,7.0,0,0,0,40,3,13,12,13,12,55,12,26,89.77,93.096,115.66,78.582,116.62100000000001,119.09,54.243,119.912,100.072,72.923
153,153,1.0,1.0,2.0,3.0,3.0,1.0,2.0,3.0,4.0,2.0,0,0,0,15,0,7,15,16,12,46,16,25,29.061,30.932,32.56,39.508,46.236000000000004,34.562,31.99,43.416000000000004,47.901,38.535
154,154,3.0,7.0,4.0,3.0,3.0,3.0,3.0,4.0,5.0,3.0,2,0,2,34,0,0,14,14,13,65,11,13,71.973,52.6,72.258,63.842,56.833,65.95,50.82899999999999,56.907,59.387,71.895
155,155,1.0,1.0,1.0,1.0,1.0,1.0,1.0,1.0,1.0,1.0,2,3,0,3,0,2,22,27,14,29,13,25,30.714000000000002,35.312,26.941,31.879,34.262,21.744,14.645,33.924,39.208,19.405
156,156,3.0,2.0,1.0,3.0,0.0,3.0,2.0,1.0,4.0,1.0,1,7,1,3,2,6,15,31,21,21,17,25,38.736,24.136,12.401,16.581,17.577,26.595,22.184,19.987000000000002,25.548000000000002,11.095
157,157,3.0,4.0,3.0,2.0,1.0,1.0,4.0,3.0,2.0,2.0,0,0,2,18,0,5,13,11,17,53,11,25,24.96,16.702,17.817999999999998,19.06,11.758,22.198,16.472,22.005,12.807,14.296
158,158,5.0,0.0,2.0,2.0,5.0,1.0,2.0,1.0,2.0,3.0,1,0,2,17,1,2,17,14,18,48,16,17,53.943999999999996,38.495,53.001000000000005,59.051,36.302,35.483000000000004,50.721000000000004,37.431,29.973000000000003,53.396
159,159,5.0,8.0,5.0,10.0,3.0,6.0,9.0,2.0,5.0,7.0,4,0,32,13,0,11,13,13,55,18,11,20,72.532,76.538,30.228,68.961,59.09,77.036,52.802,49.788999999999994,114.55799999999999,95.741
161,161,2.0,3.0,3.0,2.0,1.0,0.0,2.0,2.0,0.0,1.0,1,0,2,12,0,1,14,12,24,51,13,16,41.042,43.056999999999995,37.721,41.836000000000006,37.8,55.065,42.06100000000001,49.578,45.708,36.277
162,162,1.0,3.0,2.0,2.0,2.0,0.0,0.0,2.0,0.0,0.0,0,0,2,9,0,1,12,16,20,51,13,18,56.045,54.422,38.751,43.81,40.785,36.428000000000004,29.641,46.57,34.035,22.811999999999998
163,163,1.0,3.0,2.0,2.0,2.0,1.0,3.0,2.0,1.0,2.0,1,0,0,15,0,3,16,13,18,48,14,21,28.063000000000002,22.649,18.857,21.133000000000003,18.375,20.195999999999998,22.191,28.508000000000003,21.288,25.456
166,166,3.0,5.0,2.0,3.0,4.0,3.0,5.0,4.0,3.0,4.0,4,0,1,28,0,3,17,15,11,57,11,19,87.573,48.093999999999994,49.339,43.888000000000005,44.638000000000005,42.131,36.093,36.856,43.266999999999996,45.952
167,167,0.0,0.0,0.0,1.0,1.0,1.0,1.0,1.0,1.0,1.0,0,6,0,1,0,0,18,40,18,19,19,16,13.200999999999999,13.068,10.981,13.901,7.837999999999999,4.5760000000000005,6.36,16.852999999999998,5.822,5.725
168,168,4.0,4.0,5.0,5.0,8.0,7.0,6.0,5.0,8.0,5.0,21,0,0,28,0,8,31,11,12,42,13,21,47.744,45.161,31.749000000000002,26.92,37.669000000000004,24.55,36.834,31.653000000000002,24.188000000000002,25.889
169,169,4.0,3.0,7.0,7.0,6.0,6.0,4.0,7.0,3.0,6.0,2,0,0,49,0,2,13,11,14,70,11,11,17.230999999999998,15.187999999999999,15.312000000000001,25.373,37.525,16.962,20.048,40.779,12.853,14.677999999999999
170,170,2.0,4.0,2.0,2.0,3.0,1.0,1.0,3.0,2.0,2.0,1,0,0,6,2,13,13,13,15,27,20,42,56.913999999999994,36.65,49.818999999999996,40.431,42.233000000000004,26.131999999999998,31.061,35.626,29.586,32.704
171,171,6.0,5.0,3.0,5.0,2.0,3.0,3.0,4.0,2.0,4.0,0,1,4,7,9,16,12,14,16,22,23,43,83.325,53.187,60.75,38.178000000000004,38.283,47.199,50.393,51.335,43.818000000000005,41.728
172,172,2.0,5.0,7.0,5.0,8.0,6.0,7.0,4.0,6.0,6.0,3,2,1,14,2,34,13,13,12,29,13,50,46.698,46.175,43.998999999999995,68.589,42.537,59.631,47.275,44.213,46.81,39.201
173,173,2.0,5.0,2.0,2.0,4.0,5.0,4.0,2.0,4.0,4.0,3,0,6,24,1,0,16,11,23,53,14,13,40.031,48.864,36.347,35.84,48.238,37.211,42.798,38.881,29.053,37.344
175,175,4.0,5.0,3.0,3.0,7.0,6.0,5.0,6.0,5.0,6.0,0,0,7,35,0,8,12,14,19,54,12,19,75.516,67.64,69.88,82.902,54.433,52.097,63.257,62.678000000000004,53.608000000000004,60.816
176,176,1.0,2.0,2.0,0.0,3.0,0.0,0.0,1.0,1.0,1.0,1,1,0,3,1,5,19,15,16,31,15,34,93.38799999999999,46.455,38.103,21.819000000000003,26.409000000000002,17.137,23.035,27.093000000000004,24.748,26.006999999999998
177,177,3.0,4.0,5.0,3.0,4.0,3.0,3.0,6.0,4.0,3.0,12,2,3,3,0,18,29,16,13,19,12,41,28.01,23.865,25.862,29.592,23.053,18.642,22.429000000000002,18.875999999999998,20.899,17.017
178,178,4.0,4.0,5.0,3.0,6.0,6.0,4.0,3.0,4.0,4.0,7,0,0,24,10,2,23,11,14,46,24,12,34.749,27.622,27.336,22.428,34.101,24.924,23.896,27.468000000000004,20.348,35.565
179,179,3.0,3.0,3.0,3.0,1.0,1.0,1.0,1.0,1.0,2.0,0,2,0,15,0,2,14,19,14,58,11,14,78.946,52.492,49.195,52.111999999999995,60.106,46.387,57.478,56.958999999999996,45.887,62.842
180,180,2.0,3.0,4.0,2.0,3.0,1.0,3.0,4.0,4.0,2.0,7,0,0,18,0,3,24,13,12,48,17,16,74.369,36.863,45.755,48.721000000000004,40.533,28.654,42.967,38.461999999999996,48.648,59.608999999999995
181,181,0.0,1.0,0.0,1.0,3.0,3.0,4.0,4.0,3.0,3.0,18,1,0,2,0,1,49,16,18,15,15,17,24.287,26.175,30.399,27.245,23.635,32.626,41.526,39.234,25.926,25.281999999999996
182,182,2.0,1.0,1.0,2.0,2.0,2.0,1.0,2.0,1.0,1.0,0,0,0,14,0,1,16,14,14,55,15,16,119.854,82.727,114.296,18.135,43.458,266.494,112.148,31.046999999999997,64.627,83.06200000000001
183,183,5.0,3.0,4.0,2.0,2.0,1.0,2.0,1.0,0.0,2.0,3,2,2,12,1,2,20,18,18,46,13,15,110.624,46.132,59.075,43.651,45.356,42.693999999999996,53.512,41.063,40.195,63.527
184,184,1.0,2.0,1.0,0.0,0.0,2.0,0.0,0.0,2.0,0.0,3,0,0,4,0,1,29,18,17,33,16,17,32.55,30.504,40.595,28.758000000000003,18.117,21.66,21.451,26.578000000000003,23.237,29.555
185,185,1.0,1.0,1.0,1.0,0.0,2.0,2.0,3.0,0.0,1.0,8,1,0,2,0,1,37,18,18,24,14,19,41.51,30.67,24.991999999999997,29.721999999999998,29.149,30.447,36.745,34.306999999999995,39.826,27.331
186,186,4.0,4.0,3.0,4.0,2.0,2.0,3.0,3.0,3.0,1.0,6,0,1,6,0,16,19,14,15,21,13,48,32.798,28.256,20.965999999999998,23.774,21.409000000000002,12.827,14.958,17.121,18.025,15.825999999999999
187,187,3.0,1.0,1.0,1.0,1.0,4.0,2.0,3.0,0.0,2.0,3,0,0,3,0,12,17,13,17,17,13,53,55.994,34.7,32.446,17.278,27.857,23.068,24.67,23.427,20.191,26.805999999999997
188,188,1.0,1.0,1.0,1.0,1.0,1.0,1.0,1.0,1.0,1.0,1,2,0,7,0,0,20,18,21,39,13,19,42.028999999999996,19.088,16.857,13.617,31.410999999999998,7.138999999999999,4.504,12.215,13.594000000000001,7.877999999999999
189,189,1.0,1.0,1.0,1.0,1.0,1.0,1.0,1.0,1.0,1.0,3,4,0,2,0,1,29,32,16,17,14,22,86.73200000000001,31.372,15.025,38.883,36.608000000000004,24.664,39.228,24.201,23.726999999999997,39.455
190,190,3.0,5.0,10.0,1.0,6.0,7.0,6.0,4.0,6.0,7.0,5,0,2,40,3,5,13,14,13,59,15,16,52.661,42.582,43.463,42.229,81.257,42.744,55.18600000000001,58.861000000000004,66.791,53.872
191,191,6.0,7.0,9.0,8.0,11.0,6.0,11.0,7.0,8.0,9.0,20,3,5,28,1,25,29,15,11,30,13,32,64.477,45.133,35.676,23.215,57.382,44.806999999999995,24.544,33.243,24.553,31.404
192,192,5.0,3.0,7.0,5.0,6.0,6.0,5.0,8.0,4.0,7.0,1,2,0,19,2,32,11,17,11,36,14,41,39.895,27.642,42.368,51.278,45.028999999999996,45.534,36.722,36.658,46.073,38.039
193,193,1.0,1.0,1.0,1.0,1.0,1.0,1.0,1.0,1.0,1.0,0,4,1,3,0,2,13,36,15,25,17,24,89.541,49.015,33.975,22.909000000000002,37.297,32.809,26.375,38.854,83.57,48.292
194,194,2.0,2.0,3.0,1.0,3.0,2.0,2.0,5.0,1.0,1.0,13,0,0,7,0,2,45,14,14,28,12,17,30.15,29.285999999999998,22.35,20.98,32.154,28.398000000000003,23.105999999999998,29.271,17.936,23.592
195,195,3.0,3.0,3.0,1.0,1.0,2.0,2.0,1.0,1.0,2.0,2,1,8,7,0,1,15,17,39,28,13,18,119.848,114.37799999999999,71.74600000000001,70.23899999999999,85.789,68.442,60.928000000000004,53.411,39.650999999999996,49.368
196,196,1.0,1.0,1.0,2.0,5.0,2.0,2.0,6.0,3.0,6.0,3,0,1,21,2,2,19,16,17,45,16,17,21.305999999999997,21.462,38.21,22.8,30.555,23.849,13.52,27.924,18.698,25.749000000000002
197,197,2.0,1.0,3.0,3.0,0.0,4.0,2.0,2.0,5.0,2.0,6,0,3,3,0,12,25,15,19,20,14,37,23.566,24.025,18.975,20.007,17.412,20.809,22.778000000000002,23.43,24.392,18.651
198,198,2.0,4.0,5.0,5.0,6.0,6.0,7.0,7.0,7.0,7.0,0,0,0,31,0,25,11,13,14,43,11,38,16.595,13.794,13.475999999999999,17.451,19.261,18.027,18.477,22.639,11.322000000000001,11.027999999999999
199,199,3.0,4.0,3.0,4.0,1.0,2.0,3.0,3.0,2.0,5.0,3,7,1,18,0,1,19,28,15,47,10,11,34.613,16.713,26.828000000000003,25.768,23.679000000000002,20.951999999999998,20.939,31.318,24.837,32.903
200,200,3.0,3.0,3.0,2.0,2.0,3.0,3.0,2.0,0.0,2.0,0,0,0,22,0,1,12,13,12,63,13,17,29.336,49.545,25.154,17.741,20.328,22.828000000000003,30.912,20.575,22.48,27.75
201,201,4.0,3.0,4.0,5.0,3.0,2.0,1.0,3.0,2.0,0.0,5,4,2,15,1,0,19,22,17,47,14,11,94.48200000000001,68.28399999999999,89.51799999999999,235.567,60.085,46.224,45.793,54.167,35.81,46.077
202,202,4.0,6.0,4.0,3.0,3.0,2.0,4.0,1.0,4.0,5.0,13,0,1,21,0,1,28,10,11,51,14,16,62.738,38.721,71.538,31.669,29.25,35.681,26.011999999999997,34.352,37.177,30.714000000000002
203,203,2.0,2.0,7.0,5.0,6.0,5.0,4.0,2.0,3.0,4.0,1,0,4,35,0,0,10,16,15,63,14,12,62.376000000000005,62.193000000000005,48.553999999999995,135.262,82.559,44.446000000000005,43.018,31.184,60.87,35.756
204,204,1.0,1.0,2.0,3.0,4.0,3.0,1.0,1.0,1.0,3.0,0,0,11,5,4,0,18,16,38,20,26,12,66.21600000000001,25.441,15.635,25.346,32.672,14.118,52.828,43.838,23.58,26.55
205,205,3.0,5.0,5.0,6.0,7.0,7.0,6.0,5.0,4.0,1.0,1,0,4,44,0,0,13,11,16,64,13,13,60.141999999999996,51.111999999999995,39.303000000000004,33.881,40.129,38.084,39.881,42.458,36.37,82.258
206,206,2.0,2.0,2.0,2.0,1.0,4.0,1.0,1.0,2.0,2.0,0,0,14,3,2,0,14,17,52,18,16,13,27.288,10.925,21.395,14.478,28.935,19.428,11.104000000000001,11.165,16.592,13.879000000000001
207,207,1.0,1.0,1.0,1.0,1.0,1.0,1.0,1.0,1.0,1.0,0,0,0,9,0,1,16,19,16,45,14,20,20.273,16.498,16.429000000000002,19.058,9.17,23.285,18.278,20.756999999999998,24.204,10.377
208,208,3.0,6.0,5.0,4.0,5.0,3.0,4.0,3.0,3.0,3.0,2,2,2,31,0,2,12,11,11,70,12,14,18.172,25.331999999999997,20.44,78.971,30.965999999999998,11.232999999999999,19.785,58.472,9.463,15.462
209,209,3.0,1.0,2.0,1.0,2.0,1.0,1.0,1.0,1.0,1.0,0,0,0,6,0,8,15,15,14,31,15,40,96.333,58.858000000000004,22.783,26.264,35.905,47.478,36.857,33.327,34.876999999999995,31.795
210,210,4.0,3.0,2.0,3.0,3.0,1.0,2.0,3.0,1.0,2.0,2,4,3,7,0,8,15,18,24,28,12,33,44.412,26.315,22.469,27.805,55.86600000000001,11.618,13.321,14.148,3.404,10.514000000000001
211,211,3.0,10.0,7.0,7.0,5.0,10.0,8.0,9.0,8.0,5.0,5,0,2,24,35,6,14,14,10,35,40,17,18.42,24.378,26.22,25.27,22.747,22.886999999999997,18.016,15.353,20.168,17.477999999999998
212,212,4.0,3.0,1.0,7.0,3.0,3.0,2.0,2.0,2.0,2.0,0,5,1,15,1,7,13,24,15,42,14,22,100.846,66.283,51.913000000000004,49.371,50.968,39.407,52.933,44.835,30.178,39.949
213,213,3.0,4.0,1.0,1.0,3.0,3.0,2.0,2.0,3.0,2.0,2,1,1,14,0,6,15,18,14,47,13,23,44.25,35.056999999999995,48.097,41.583999999999996,38.857,36.431,36.262,27.658,23.46,72.872
214,214,3.0,1.0,1.0,2.0,0.0,0.0,1.0,1.0,1.0,1.0,1,1,0,8,0,1,20,19,15,41,14,21,56.25899999999999,33.469,29.041999999999998,34.29,26.182,21.769000000000002,29.005,33.885,29.943,22.531
215,215,1.0,0.0,2.0,2.0,1.0,2.0,2.0,1.0,0.0,2.0,0,1,1,8,0,3,14,16,20,38,17,25,47.653999999999996,20.586,20.218,21.961,22.259,34.312,25.69,15.98,13.609000000000002,30.395
216,216,3.0,2.0,3.0,2.0,3.0,2.0,2.0,2.0,2.0,3.0,3,0,1,19,0,1,22,11,18,51,14,14,92.12299999999999,27.175,24.776,32.313,20.439,30.385,22.143,26.636999999999997,46.545,25.438000000000002
217,217,5.0,4.0,7.0,9.0,5.0,8.0,7.0,6.0,8.0,8.0,35,1,3,27,0,1,42,11,14,34,11,18,94.666,57.347,51.869,36.296,32.605,27.42,24.680999999999997,40.562,32.013000000000005,37.478
218,218,2.0,1.0,1.0,1.0,2.0,2.0,1.0,2.0,3.0,5.0,0,0,17,3,0,0,14,18,57,14,13,14,47.653999999999996,65.07600000000001,67.973,46.067,43.696999999999996,50.553999999999995,56.266000000000005,39.411,27.689,50.103
219,219,4.0,3.0,5.0,5.0,6.0,6.0,2.0,3.0,7.0,4.0,1,0,2,17,0,25,13,12,11,28,10,56,46.56,38.108000000000004,54.196999999999996,45.523,45.085,49.426,35.405,39.217,47.784,44.123999999999995
220,220,3.0,7.0,2.0,7.0,6.0,4.0,4.0,3.0,4.0,4.0,3,1,1,35,1,3,13,14,12,64,12,15,41.946999999999996,41.816,28.585,37.814,44.327,38.719,41.684,34.921,35.296,38.025
221,221,8.0,7.0,7.0,7.0,8.0,8.0,9.0,7.0,9.0,8.0,0,16,17,42,0,3,10,21,30,46,13,10,43.448,31.171999999999997,27.614,33.133,24.671,32.751,22.293000000000003,42.794,32.229,31.006999999999998
222,222,3.0,2.0,2.0,2.0,2.0,1.0,2.0,2.0,3.0,4.0,2,1,0,15,0,5,15,16,15,46,13,25,68.332,57.821000000000005,68.057,68.404,60.84,54.979,54.747,61.845,76.671,74.089
223,223,3.0,4.0,3.0,4.0,5.0,2.0,5.0,2.0,5.0,3.0,0,0,0,26,0,10,11,15,12,52,12,28,13.455,13.876,14.749,14.876,17.375999999999998,15.942,15.186,12.479000000000001,16.297,20.755
224,224,2.0,2.0,1.0,3.0,2.0,1.0,3.0,1.0,1.0,1.0,8,1,1,3,3,1,42,17,13,18,21,19,34.305,24.980999999999998,11.540999999999999,14.225,14.318,10.905,18.81,9.228,10.484000000000002,13.912
225,225,3.0,2.0,7.0,7.0,9.0,8.0,9.0,9.0,7.0,7.0,3,0,6,57,1,1,13,13,14,67,11,12,33.289,36.647,50.229,42.177,38.172,39.13,39.922,29.131999999999998,39.828,39.832
226,226,1.0,1.0,1.0,1.0,1.0,1.0,1.0,1.0,1.0,1.0,0,0,0,2,5,3,16,15,15,25,38,21,15.792,18.406,9.057,11.677999999999999,10.144,6.355,16.214000000000002,11.843,11.103,22.173000000000002
227,227,1.0,1.0,1.0,1.0,0.0,1.0,1.0,1.0,1.0,1.0,0,0,1,0,1,7,16,15,21,16,22,40,26.608,7.6339999999999995,10.161,6.5489999999999995,31.179000000000002,16.204,10.785,6.406000000000001,14.73,4.784
228,228,7.0,5.0,4.0,4.0,7.0,2.0,8.0,9.0,4.0,5.0,1,1,3,12,20,18,10,13,14,26,34,33,78.48,24.489,29.943,28.916999999999998,81.742,22.354,147.34,28.873,26.584,27.858
229,229,7.0,3.0,5.0,5.0,7.0,6.0,6.0,5.0,8.0,7.0,34,2,1,13,5,4,40,14,12,29,21,14,165.416,52.736000000000004,39.05,53.25,69.922,29.229,249.74599999999998,33.518,43.751999999999995,38.007
230,230,2.0,4.0,4.0,3.0,2.0,2.0,2.0,4.0,4.0,2.0,0,0,0,27,0,2,13,12,12,65,13,15,47.537,45.762,30.136999999999997,45.107,52.356,57.453,258.101,26.221,35.921,55.144
231,231,2.0,1.0,1.0,1.0,1.0,1.0,2.0,2.0,1.0,0.0,0,0,2,4,5,1,14,16,23,27,28,22,76.301,44.141999999999996,90.96,20.9,26.436999999999998,50.494,61.996,41.075,72.916,19.963
232,232,2.0,2.0,3.0,2.0,3.0,4.0,1.0,4.0,1.0,1.0,0,0,0,2,1,20,14,15,14,15,15,57,21.893,20.123,22.099,28.06,20.796999999999997,19.744,15.700999999999999,23.353,23.086,15.17
233,233,2.0,4.0,6.0,5.0,5.0,4.0,6.0,9.0,6.0,7.0,28,1,3,18,0,4,47,12,15,29,12,15,34.148,31.15,34.92,40.602,30.104,36.88,39.597,33.185,31.726,51.678000000000004
234,234,1.0,2.0,1.0,1.0,4.0,2.0,1.0,3.0,3.0,1.0,0,0,0,3,0,16,11,16,16,24,13,50,12.327,17.232,12.715,24.003,15.244000000000002,16.835,17.727999999999998,13.392999999999999,19.457,17.249000000000002
235,235,4.0,0.0,3.0,3.0,1.0,2.0,1.0,1.0,2.0,2.0,0,0,1,15,0,3,12,13,16,51,14,24,63.957,44.199,49.805,43.883,38.04,36.95,52.196999999999996,34.464,42.934,49.273999999999994
236,236,1.0,3.0,2.0,2.0,2.0,0.0,1.0,2.0,1.0,2.0,0,0,0,16,0,0,13,14,15,60,11,17,52.208,64.64699999999999,41.413999999999994,44.611999999999995,32.874,36.912,40.25,26.715999999999998,32.615,44.055
237,237,2.0,3.0,1.0,3.0,1.0,3.0,1.0,3.0,3.0,1.0,1,0,0,3,0,17,17,11,13,21,13,55,27.311999999999998,19.812,28.178,21.311,24.666999999999998,31.776,25.25,15.249,18.437,20.156
238,238,1.0,2.0,4.0,0.0,1.0,0.0,0.0,1.0,1.0,2.0,1,0,2,5,0,4,18,15,23,32,15,27,27.316,26.816999999999997,31.859,23.13,19.293,17.95,15.887,24.857,19.658,39.099000000000004
239,239,1.0,1.0,1.0,1.0,1.0,1.0,1.0,1.0,0.0,1.0,2,0,2,0,2,3,24,18,21,19,29,19,16.89,8.402000000000001,9.604,6.649,7.928999999999999,11.698,4.422,13.989,10.308,9.731
240,240,1.0,1.0,1.0,1.0,2.0,1.0,1.0,1.0,2.0,1.0,2,0,1,3,2,4,23,19,16,27,23,22,11.725,3.362,6.528,16.834,9.46,4.795,5.982,8.492,9.204,7.591
241,241,3.0,4.0,3.0,6.0,9.0,7.0,7.0,9.0,8.0,8.0,2,2,1,48,0,11,16,14,13,59,13,15,33.361999999999995,34.571,24.516,29.179000000000002,26.276999999999997,33.536,26.48,31.494,26.225,30.736
242,242,4.0,5.0,2.0,4.0,2.0,6.0,6.0,5.0,5.0,3.0,1,0,3,34,2,2,14,12,22,57,11,14,41.687,31.204,109.29899999999999,50.413999999999994,59.523999999999994,38.913000000000004,46.481,41.111000000000004,43.416000000000004,44.06399999999999
243,243,1.0,1.0,2.0,1.0,1.0,1.0,1.0,1.0,1.0,1.0,0,0,0,11,0,0,14,17,16,57,13,13,53.01,46.082,10.487,13.508,17.455,16.668,32.672,20.590999999999998,24.616,12.556
244,244,2.0,1.0,1.0,1.0,2.0,2.0,0.0,3.0,0.0,0.0,0,4,1,3,0,4,17,24,20,27,13,29,37.977,30.776999999999997,28.418000000000003,27.500999999999998,28.75,16.816,18.938,27.046999999999997,17.343,16.542
245,245,3.0,2.0,0.0,1.0,0.0,1.0,1.0,0.0,0.0,1.0,0,2,0,6,0,1,15,19,14,43,18,21,28.909000000000002,35.336999999999996,26.414,23.233,32.634,27.525,29.011,27.555999999999997,24.333000000000002,25.833000000000002
246,246,3.0,3.0,6.0,5.0,3.0,2.0,6.0,5.0,4.0,4.0,0,0,1,25,0,15,12,13,13,43,10,39,54.071000000000005,42.019,37.265,24.213,37.593,28.305999999999997,35.385,32.829,28.174,27.008000000000003
247,247,4.0,3.0,4.0,3.0,2.0,2.0,2.0,4.0,3.0,2.0,0,0,2,10,2,15,13,12,16,28,14,47,41.405,31.537,24.166999999999998,23.971999999999998,25.069000000000003,25.294,19.116,24.189,21.599,22.183000000000003
248,248,5.0,7.0,5.0,6.0,8.0,8.0,6.0,5.0,3.0,6.0,0,0,9,45,0,5,11,13,20,62,12,12,49.735,72.306,67.44,51.66,72.11399999999999,70.798,64.616,83.334,61.595,66.942
249,249,1.0,2.0,2.0,2.0,2.0,1.0,1.0,2.0,0.0,0.0,0,0,0,10,0,3,18,12,16,49,13,22,42.148,21.581,18.805,18.704,23.479,16.727999999999998,21.121,15.35,14.797,16.206
250,250,1.0,3.0,3.0,1.0,1.0,2.0,2.0,0.0,0.0,1.0,0,1,0,13,0,0,11,15,16,56,13,19,26.305,23.793000000000003,19.564,30.491999999999997,19.451,24.679000000000002,51.825,20.264,13.088,10.738
251,251,2.0,4.0,2.0,5.0,5.0,4.0,1.0,6.0,4.0,4.0,1,0,0,31,1,4,13,13,13,62,13,16,32.181999999999995,28.408,37.464,35.746,35.566,33.486,26.846999999999998,37.471,31.381999999999998,25.682
252,252,6.0,6.0,3.0,4.0,2.0,6.0,5.0,5.0,5.0,7.0,2,0,10,31,3,3,13,14,27,47,15,14,87.37899999999999,54.895,69.423,52.376000000000005,26.62,50.184,48.336999999999996,53.065,59.898999999999994,90.508
253,253,2.0,3.0,1.0,3.0,3.0,4.0,3.0,1.0,3.0,2.0,0,0,0,11,0,14,13,15,14,31,13,44,18.254,21.514,21.276,29.072,28.002,28.365,31.664,21.099,26.570999999999998,30.303
254,254,6.0,4.0,5.0,3.0,2.0,2.0,6.0,7.0,0.0,3.0,0,0,13,20,0,5,10,12,31,41,12,24,39.022,34.564,38.592,35.424,29.914,25.034000000000002,32.286,41.193000000000005,37.842,17.657
255,255,1.0,1.0,1.0,1.0,1.0,1.0,1.0,1.0,1.0,1.0,2,1,0,6,0,1,25,19,18,34,14,20,21.781,16.738,9.916,12.106,11.055,18.796,14.815,7.207999999999999,31.548000000000002,16.418
256,256,4.0,3.0,5.0,6.0,5.0,6.0,3.0,1.0,4.0,2.0,1,1,2,25,0,10,16,11,13,52,13,25,36.373000000000005,24.15,27.855999999999998,21.901999999999997,28.021,25.487,15.448,15.22,22.479,14.039000000000001
257,257,4.0,4.0,4.0,5.0,5.0,5.0,3.0,3.0,3.0,1.0,19,1,2,3,0,12,43,11,17,16,13,30,85.973,40.729,37.332,40.405,34.794000000000004,33.744,30.851,30.496,32.065,35.163000000000004
258,258,3.0,3.0,4.0,4.0,7.0,7.0,6.0,6.0,8.0,5.0,0,0,1,37,4,11,15,10,15,55,18,17,24.564,24.052,19.046,16.545,19.961,17.048,22.544,16.604,23.557,24.146
259,259,4.0,5.0,6.0,7.0,4.0,4.0,3.0,4.0,7.0,4.0,3,0,1,39,2,3,13,14,16,62,10,15,56.54600000000001,62.82899999999999,56.531000000000006,47.746,68.938,66.171,51.27,40.395,50.349,60.692
260,260,3.0,1.0,3.0,1.0,1.0,3.0,2.0,0.0,3.0,3.0,0,0,0,14,0,6,12,14,16,44,11,33,37.906,57.096000000000004,11.718,23.489,69.387,19.246,13.824000000000002,15.595999999999998,13.985,15.308
261,261,2.0,7.0,1.0,1.0,1.0,4.0,2.0,4.0,3.0,3.0,2,0,8,14,1,3,17,14,24,44,13,18,36.955,44.966,27.738000000000003,31.355,27.741999999999997,31.81,24.288,33.523,33.39,29.525
262,262,4.0,5.0,3.0,6.0,6.0,7.0,5.0,7.0,5.0,5.0,1,0,43,6,3,0,13,14,64,16,10,13,47.196999999999996,39.754,34.381,32.694,36.042,33.667,41.775,37.637,42.452,82.70299999999999
264,264,3.0,2.0,0.0,2.0,3.0,1.0,0.0,1.0,1.0,0.0,0,0,1,2,2,8,12,15,23,18,19,43,63.673,37.132,26.949,16.212,36.231,11.74,19.17,19.73,19.727999999999998,17.655
265,265,4.0,3.0,1.0,2.0,1.0,1.0,2.0,1.0,2.0,2.0,1,0,0,1,0,17,16,14,13,14,13,60,28.105,10.589,4.337,3.0410000000000004,10.259,3.242,6.032,4.345,4.38,4.105
